<?xml version="1.0" encoding="UTF-8"?>
<beans xmlns="http://www.springframework.org/schema/beans"
	xmlns:xsi="http://www.w3.org/2001/XMLSchema-instance"
	xmlns:context="http://www.springframework.org/schema/context"
	xmlns:aop="http://www.springframework.org/schema/aop"
	xmlns:tx="http://www.springframework.org/schema/tx"
	xmlns:mvc="http://www.springframework.org/schema/mvc"
	xmlns:p="http://www.springframework.org/schema/p"
	xsi:schemaLocation="http://www.springframework.org/schema/aop 
						http://www.springframework.org/schema/aop/spring-aop-3.1.xsd
						http://www.springframework.org/schema/mvc 
						http://www.springframework.org/schema/mvc/spring-mvc-3.2.xsd
						http://www.springframework.org/schema/beans 
						http://www.springframework.org/schema/beans/spring-beans.xsd
						http://www.springframework.org/schema/tx 
						http://www.springframework.org/schema/tx/spring-tx-3.1.xsd
						http://www.springframework.org/schema/context 
						http://www.springframework.org/schema/context/spring-context-3.1.xsd">
						
	<!-- 消息配置文件  -->
	<bean id="messageSource" class="org.springframework.context.support.ReloadableResourceBundleMessageSource">
		<property name="basenames">
			<list>
				<!-- vo 验证 -->
				<value>classpath:message/validation/ValidationMessages</value>
				<value>classpath:message/exception/ExceptionMessages</value>				
			</list>
		</property>
		<property name="fileEncodings" value="utf-8"/>
		<!-- <property name="cacheSeconds" value="120"/> -->
	</bean>
</beans>