<?xml version="1.0" encoding="GB2312"?>
<beans xmlns="http://www.springframework.org/schema/beans"
	xmlns:xsi="http://www.w3.org/2001/XMLSchema-instance"
	xmlns:context="http://www.springframework.org/schema/context"
	xmlns:aop="http://www.springframework.org/schema/aop"
	xmlns:tx="http://www.springframework.org/schema/tx"
	xsi:schemaLocation="http://www.springframework.org/schema/aop http://www.springframework.org/schema/aop/spring-aop-3.1.xsd
		http://www.springframework.org/schema/beans http://www.springframework.org/schema/beans/spring-beans.xsd
		http://www.springframework.org/schema/tx http://www.springframework.org/schema/tx/spring-tx-3.1.xsd
		http://www.springframework.org/schema/context http://www.springframework.org/schema/context/spring-context-3.1.xsd">
		
    <bean id="transactionManager" class="org.springframework.jdbc.datasource.DataSourceTransactionManager">
		<property name="dataSource" ref="mysql_dataSource"/>
	</bean>
	
 	<aop:config>
		<aop:pointcut expression="execution(* com.just.practice.service..*.*(..))" id="txpointcut"/>
		<aop:advisor advice-ref="txadvice" pointcut-ref="txpointcut" order="0"/>
	</aop:config>	
	
	
	<tx:advice id="txadvice" transaction-manager="transactionManager">
		<tx:attributes>
			<tx:method name="add*" propagation="REQUIRED"/>
			<tx:method name="drop*" propagation="REQUIRED"/>
			<tx:method name="acceptDispatchTask" propagation="NEVER"/>
			<tx:method name="call*" propagation="NEVER"/>
			<tx:method name="accept*" propagation="REQUIRED"/>
			<tx:method name="cancel*" propagation="REQUIRED"/>
			<tx:method name="generate*" propagation="REQUIRED"/>
			<tx:method name="finish*" propagation="REQUIRED"/>
			<tx:method name="deliver*" propagation="REQUIRED"/>
			<tx:method name="check*" propagation="REQUIRED"/>
			<tx:method name="save*" propagation="REQUIRED"/>
			<tx:method name="add*" propagation="REQUIRED"/>
			<tx:method name="write*" propagation="REQUIRED"/>
			<tx:method name="create*" propagation="REQUIRED"/>
			<tx:method name="update*" propagation="REQUIRED"/>
			<tx:method name="modify*" propagation="REQUIRED"/>
			<tx:method name="del*" propagation="REQUIRED"/>
			<tx:method name="import*" propagation="REQUIRED"/>
			<tx:method name="createDatasource" propagation="SUPPORTS"/>
			<tx:method name="importSubject" propagation="SUPPORTS"/>
		
			<tx:method name="sel*" propagation="REQUIRED" read-only="true"/>
			<tx:method name="search*" propagation="REQUIRED" read-only="true"/>
			<tx:method name="get*" propagation="REQUIRED" read-only="true"/>
			<tx:method name="find*" propagation="REQUIRED" read-only="true"/>
			<tx:method name="load*" propagation="REQUIRED" read-only="true"/>
			<tx:method name="show*" propagation="REQUIRED" read-only="true"/>
			<tx:method name="process1" propagation="NEVER" />
			<tx:method name="*" read-only="true"/>
		</tx:attributes>
	</tx:advice>
	

</beans>